Did you talk with anyone about these messages? Who did you share it with?,Female,Male
Yes,0.5294117647058824,0.5384615384615384
No,0.47058823529411764,0.46153846153846156
