"2. Are you a teacher, caregiver, or young adult ?",A few times a day,More than 10 times a day,Once a day,Once a week,Once every few days
Young adult,0.6081081081081081,0.5449438202247191,0.375,1.0,
Caregiver,0.32432432432432434,0.20224719101123595,0.5208333333333334,,1.0
Teacher,0.06756756756756757,0.25280898876404495,0.10416666666666667,,
