"11. Do you use your mobile to send or receive money, through?",Caregiver,Teacher,Young adult
"Yes, often",0.6470588235294118,0.8181818181818182,0.6111111111111112
Only sometimes,0.10588235294117647,0.07272727272727272,0.1419753086419753
"I have done it before, but not often",0.023529411764705882,,0.006172839506172839
I never use mobile money,0.2235294117647059,0.10909090909090909,0.24074074074074073
