3. How often do you use a mobile phone?,Burundi,Congo
More than 10 times a day,0.5369127516778524,0.64
A few times a day,0.2483221476510067,0.24
Once a day,0.2080536912751678,0.11333333333333333
Once a week,0.006711409395973154,
Once every few days,,0.006666666666666667
