8. When do you use the phone?,Percentage
In the evening,0.3028391167192429
In the morning,0.23817034700315456
In the afternoon,0.23659305993690852
All the time,0.1498422712933754
At lunchtime,0.07255520504731862
