13. What is your preferred language for reading sms messages?,Percentage
Kiswahili,0.6454849498327759
Kirundi,0.22408026755852842
English,0.07357859531772576
French,0.056856187290969896
