Are you the owner of the phone or is this a family phone?,Burundi,Congo
Me directly,0.5454545454545454,0.7560975609756098
My husband,0.45454545454545453,0.24390243902439024
