Country of origin,Me directly,My husband
Burundi,0.43636363636363634,0.6666666666666666
Congo,0.5636363636363636,0.3333333333333333
