Why did or didn't you call the number?,Me directly,My husband
Didn't know who it was,0.444444444444,0.307692307692
No credit on phone,0.333333333333,0.307692307692
Didn't think it was important,0.166666666667,0.0769230769231
To ask question,0.0555555555556,0.0769230769231
Did not get reply,,0.0769230769231
No access to phone,,0.0769230769231
Waited for more info,,0.0769230769231
