Country of origin,Percentage
Burundi,0.5057471264367817
Congo,0.4942528735632184
