What were these messages about?,Percentage
Talking with children,0.3673469387755102
Games,0.3401360544217687
Brain games,0.22448979591836735
Children's health,0.047619047619047616
Celebrity news,0.013605442176870748
Jokes,0.006802721088435374
