Who was sending you these messages?,Percentage
Gloria,0.37333333333333335
I don't know,0.3466666666666667
A parent's magazine,0.16
An organization,0.09333333333333334
Other,0.02666666666666667
