12. How easily can you read and write?,Caregiver,Teacher,Young adult
It's very easy for me to read and write,0.9418604651162791,1.0,0.9444444444444444
I cannot read or write,0.046511627906976744,,0.030864197530864196
I can read and write but sometimes I struggle,,,0.018518518518518517
I can read but I cannot write,0.011627906976744186,,0.006172839506172839
