8. When do you use the phone?,Caregiver,Teacher,Young adult
In the evening,0.21641791044776118,0.3103448275862069,0.32989690721649484
In the morning,0.16417910447761194,0.21551724137931033,0.2706185567010309
In the afternoon,0.14925373134328357,0.2413793103448276,0.26288659793814434
All the time,0.3805970149253731,0.16379310344827586,0.06958762886597938
At lunchtime,0.08955223880597014,0.06896551724137931,0.06701030927835051
