Country of origin,Female,Male
Burundi,0.4774774774774775,0.5132275132275133
Congo,0.5225225225225225,0.48677248677248675
