"2. Are you a teacher, caregiver, or young adult ?",Female,Male
Young adult,0.5315315315315315,0.5364583333333334
Caregiver,0.3063063063063063,0.2708333333333333
Teacher,0.16216216216216217,0.19270833333333334
