Sex,Burundi,Congo
Male,0.6466666666666666,0.6133333333333333
Female,0.35333333333333333,0.38666666666666666
