Sex,Caregiver,Teacher,Young adult
Male,0.6046511627906976,0.6727272727272727,0.6358024691358025
Female,0.3953488372093023,0.32727272727272727,0.36419753086419754
