Country of origin,Caregiver,Teacher,Young adult
Burundi,0.5697674418604651,0.4909090909090909,0.47530864197530864
Congo,0.43023255813953487,0.509090909090909,0.5246913580246914
