12. How easily can you read and write?,Female,Male
It's very easy for me to read and write,0.918918918918919,0.9735449735449735
I cannot read or write,0.036036036036036036,0.026455026455026454
I can read and write but sometimes I struggle,0.02702702702702703,
I can read but I cannot write,0.018018018018018018,
