3. How often do you use a mobile phone?,Caregiver,Teacher,Young adult
More than 10 times a day,0.4186046511627907,0.8181818181818182,0.6024844720496895
A few times a day,0.27906976744186046,0.09090909090909091,0.2795031055900621
Once a day,0.29069767441860467,0.09090909090909091,0.11180124223602485
Once a week,,,0.006211180124223602
Once every few days,0.011627906976744186,,
