5. What mobile network do you use?,Percentage
Vodacom,0.4927536231884058
Halotel,0.22282608695652173
Airtel,0.21014492753623187
Tigo,0.07427536231884058
