3. How often do you use a mobile phone?,Percentage
More than 10 times a day,0.5886287625418061
A few times a day,0.24414715719063546
Once a day,0.1605351170568562
Once a week,0.0033444816053511705
Once every few days,0.0033444816053511705
