During the past few days have you received new messages from a new person?,Burundi,Congo
Yes,0.8181818181818182,0.8837209302325582
No,0.18181818181818182,0.11627906976744186
