Did you call the number?,Burundi,Congo
No,0.9473684210526315,0.7941176470588235
Yes,0.05263157894736842,0.20588235294117646
