How helpful or useful were these messages?,Burundi,Congo
Very helpful,0.7027027027027027,0.7631578947368421
A little helpful,0.24324324324324326,0.23684210526315788
Not helpful at all,0.05405405405405406,
