Did you call the number?,Me directly,My husband
No,0.868421052631579,0.7857142857142857
Yes,0.13157894736842105,0.21428571428571427
