Who received the messages?,Me directly,My husband
Me directly,0.8596491228070176,0.0625
My husband,0.07017543859649122,0.8125
Didn't receive message,0.05263157894736842,0.09375
My children,0.017543859649122806,0.03125
