Can you read and write?,Me directly,My husband
Yes,0.9454545454545454,0.9
No,0.05454545454545454,0.1
