Did you talk with anyone about the messages?,Burundi,Congo
Yes,0.475,0.9210526315789473
No,0.525,0.07894736842105263
