Were you able to play the games with your children?,Me directly,My husband
No,0.5576923076923077,0.6785714285714286
Yes,0.4423076923076923,0.32142857142857145
