Can you read and write?,Burundi,Congo
Yes,0.8863636363636364,0.9534883720930233
No,0.11363636363636363,0.046511627906976744
