Who received the messages?,Percentage
Me directly,0.5604395604395604
My husband,0.32967032967032966
Didn't receive message,0.06593406593406594
My children,0.03296703296703297
My mother,0.01098901098901099
