Can you read and write?,Percentage
Yes,0.9195402298850575
No,0.08045977011494253
