Did you call the number?,Percentage
No,0.8490566037735849
Yes,0.1509433962264151
