How many messages did you receive in total?,Female,Male
Between 0-5,0.7058823529411765,0.7924528301886793
Between 5-10,0.29411764705882354,0.20754716981132076
