"In fact, these messages were from coach Azize, did you notice that?",Female,Male
Yes,0.5882352941176471,0.6379310344827587
No,0.4117647058823529,0.3620689655172414
