Gender,Percentage
Male,0.7471264367816092
Female,0.25287356321839083
