How many activities did you do with your students,Percentage
1,0.5087719298245614
2,0.24561403508771928
3,0.12280701754385964
5,0.05263157894736842
More than 5,0.03508771929824561
4,0.03508771929824561
